{"attribution":"http://www.cesiumlab.com","available":[[{"endX":1,"endY":0,"startX":0,"startY":0}],[{"endX":3,"endY":1,"startX":2,"startY":0}],[{"endX":7,"endY":3,"startX":6,"startY":2}],[{"endX":13,"endY":5,"startX":12,"startY":4}],[{"endX":27,"endY":11,"startX":26,"startY":10}],[{"endX":53,"endY":21,"startX":52,"startY":20}],[{"endX":105,"endY":41,"startX":104,"startY":40}],[{"endX":209,"endY":81,"startX":208,"startY":80}],[{"endX":419,"endY":163,"startX":416,"startY":160}],[{"endX":837,"endY":325,"startX":832,"startY":320}],[{"endX":1673,"endY":649,"startX":1666,"startY":642}],[{"endX":3345,"endY":1297,"startX":3332,"startY":1284}],[{"endX":6691,"endY":2595,"startX":6666,"startY":2570}],[{"endX":13381,"endY":5189,"startX":13334,"startY":5142}],[{"endX":26761,"endY":10377,"startX":26668,"startY":10284}]],"bounds":[-180,-90,180,90],"description":"http://www.cesiumlab.com","extensions":["octvertexnormals"],"format":"quantized-mesh-1.0","maxzoom":14,"metadataAvailability":10,"minzoom":0,"name":"world","projection":"EPSG:4326","scheme":"tms","tilejson":"1.0","tiles":["{z}/{x}/{y}.terrain"],"valid_bounds":[112.999620437622,22.9996204376221,114.000062942505,24.0000629425049],"version":"1.0.0"}